{"dry-output":[[1.085660884925753,1.0249926504751117],[1.0249926504751117,1.13471622812946]],"output":[[1.085660884925753,1.0249926504751117],[1.0249926504751117,1.13471622812946]],"time-seconds":4.2e-05}